{
  "colors": [
    {
      "id": 1,
      "title": "Black",
      "code": "#000000"
    },
    {
      "id": 2,
      "title": "White",
      "code": "#ffffff"
    },
    {
      "id": 3,
      "title": "Red",
      "code": "#dd0808"
    },
    {
      "id": 4,
      "title": "Green ",
      "code": "#00a814"
    },
    {
      "id": 5,
      "title": "Blue",
      "code": "#180ae6"
    },
    {
      "id": 6,
      "title": "Pink",
      "code": "#df8fe0"
    },
    {
      "id": 7,
      "title": "Grey",
      "code": "#8A8A8A"
    },
    {
      "id": 8,
      "title": "Yellow",
      "code": "#e8e337"
    },
    {
      "id": 9,
      "title": "Brown",
      "code": "#4c3228"
    },
    {
      "id": 10,
      "title": "Beige",
      "code": "#F5F5DC"
    },
    {
      "id": 11,
      "title": "Violet",
      "code": "#5f4b8b"
    },
    {
      "id": 12,
      "title": "Ruby",
      "code": "#9b111e"
    },
    {
      "id": 13,
      "title": "Deepskyblue",
      "code": "#00bfff"
    }
  ],
  "categories": [
    {
      "title": "Бюстгальтеры",
      "slug": "bras",
      "gender": "women",
      "type": [
        {
          "title": "Мягкий",
          "slug": "soft"
        },
        {
          "title": "Треугольник",
          "slug": "triangle"
        },
        {
          "title": "Пуш-ап",
          "slug": "pushup"
        },
        {
          "title": "Без косточек",
          "slug": "brallet"
        },
        {
          "title": "Балконет",
          "slug": "balconette"
        }
      ]
    },
    {
      "title": "Трусы",
      "slug": "panties",
      "gender": "women",
      "type": [
        {
          "title": "Стринги",
          "slug": "strings"
        },
        {
          "title": "Бразильяно",
          "slug": "brazilian"
        },
        {
          "title": "Бикини",
          "slug": "bikini"
        },
        {
          "title": "Шортики",
          "slug": "boyshorts"
        },
        {
          "title": "Бесшовные",
          "slug": "seamless"
        },
        {
          "title": "С высокой талией",
          "slug": "hight-waisted"
        }
      ]
    },
    {
      "title": "Носки",
      "slug": "socks",
      "gender": "women"
    },
    {
      "title": "Халаты",
      "slug": "bathrobes",
      "gender": "women"
    },
    {
      "title": "Термобельё",
      "slug": "thermal",
      "gender": "women"
    },
    {
      "title": "Пижамы",
      "slug": "pijamas",
      "gender": "women"
    },
    {
      "title": "Нижнее бельё",
      "slug": "underwear",
      "gender": "men",
      "type": [
        {
          "title": "Боксеры",
          "slug": "boxers"
        },
        {
          "title": "Трусы",
          "slug": "brief"
        }
      ]
    },
    {
      "title": "Носки",
      "slug": "panties",
      "gender": "men"
    },
    {
      "title": "Халаты",
      "slug": "bathrobes",
      "gender": "men"
    },
    {
      "title": "Термобельё",
      "slug": "thermal",
      "gender": "men"
    }
  ],
  "goods": [
    {
      "id": "1_balconette",
      "title": "Бюстгальтер балконет Sofia",
      "description": "Модель из кружева с цветочным узором, украшенным золотистой нитью ламе. Над чашками деталь из эластичной тесьмы, по центру золотистый аксессуар, напоминающий пирсинг. Эластичные бретели регулируются. Бюстгальтер обеспечивает оптимальную поддержку и подчеркивает зону декольте, округляя формы. Идеально подходит для создания чувственного и дерзкого образа.",
      "category": "bras",
      "price": 4990,
      "colors": [1,2],
      "pic": "img/1_balconette.jpg",
      "materials": "Полиамид",
      "gender": "women"
    },
    {
      "id": "2_triangle",
      "title": "Бюстгальтер Треугольной Формы Your Private",
      "description": "Бюстгальтер с треугольными чашками без уплотнения и косточек. Изделие выполнено из кружева с цветочным узором, украшенным золотистой нитью ламе. Особенность этой модели — деталь из эластичной тесьмы под грудью с золотистым аксессуаром, напоминающим пирсинг. Эластичные бретели регулируются на спинке. Чувственный и оригинальный бюстгальтер, подчеркивающий естественную форму груди.",
      "category": "bras",
      "price": 4490,
      "colors": [1],
      "pic": "img/2_triangle.jpg",
      "materials": "Полиамид",
      "gender": "women"
    },
    {
      "id": "3_pushup",
      "title": "Кружевной Бюстгальтер Супер Пуш-ап Elettra",
      "description": "Бюстгальтер Elettra с эффектом супер пуш-ап. Формованные чашки с объемным градуированным уплотнением и косточками. Бретели, обтянутые микрофиброй, регулируются на спинке. Пояс застегивается на крючки (четыре ряда по три крючка в высоту). Изделие выполнено из мягкого эластичного кружева с геометрическим узором. Отделка каймой придает модели романтичные нотки. Идеальный бюстгальтер для создания эффекта пышного объема, чтобы подчеркнуть привлекательность декольте под одеждой с глубоким вырезом.",
      "category": "bras",
      "price": 3990,
      "colors": [2,3],
      "pic": "img/3_pushup.jpg",
      "materials": "Полиамид",
      "gender": "women"
    },
    {
      "id": "4_brallet",
      "title": "Бюстгальтер Треугольной Формы Loosen Heartstrings",
      "description": "Бюстгальтер треугольной формы с чашками из кружевной каймы, без косточек. Оригинальные детали — полностью съемный эластичный шнурок и эластичные тесемки с маленькими кольцами — позволяют создавать причудливые переплетения, придающие особую чувственность этой модели. Бретели из эластичной тесьмы регулируются на спинке. Идеальный бюстгальтер для тех, кто ценит сочетание оригинальности и чувственности.",
      "category": "bras",
      "price": 3490,
      "colors": [3,2,1,6],
      "pic": "img/4_brallet.jpg",
      "materials": "Полиамид",
      "gender": "women"
    },
    {
      "id": "5_triangle",
      "title": "Бюстгальтер Треугольной Формы Loosen Heartstrings",
      "description": "Бюстгальтер Lara с треугольными чашками без уплотнения и косточек. Модель из эластичного хлопка. Формованные двухслойные чашки, плавно переходящие в бретели. Эластичная задняя часть бретелей может регулироваться. Боковые косточки и хлопковый пояс помогают поддерживать грудь. Благодаря специальному крючку бретели можно перекрещивать на спинке. Для лучшей поддержки груди в чашках размеров 5C, 6B и 6C предусмотрена дополнительная незаметная поддержка из тюля, при этом нижний слой, контактирующий с кожей, выполнен из хлопка.",
      "category": "bras",
      "price": 2490,
      "colors": [7,1,2],
      "pic": "img/5_triangle.jpg",
      "materials": "Хлопок",
      "gender": "women"
    },
    {
      "id": "6_balconet",
      "title": "Сексуальный кружевной бюстгальтер-балконетс деталями на шнуровке",
      "description": "Бюстгальтер-балконетиз кружева La Fleur, выполнен по технологии Wicked, в котором вы полюбите себя такой, какая вы есть.",
      "category": "bras",
      "price": 3590,
      "colors": [1,2,7],
      "pic": "img/6_balconet.jpg",
      "materials": "Полиамид",
      "gender": "women"
    },
    {
      "id": "7_pushup",
      "title": "Бюстгальтер Супер Пуш-ап Elettra Summer Breeze",
      "description": "Бюстгальтер Elettra с эффектом супер пуш-ап. Формованные чашки с объемным градуированным уплотнением и косточками. Модель выполнена из мягкого эластичного кружева с эффектом вышивки «сангалло». Детали контрастного цвета. Двойные бретели контрастного цвета регулируются на спинке. Изделие позволяет подчеркнуть зону декольте, визуально увеличивая грудь на один размер.",
      "category": "bras",
      "price": 4490,
      "colors": [8,6,2],
      "pic": "img/7_pushup.jpg",
      "materials": "Полиамид",
      "gender": "women"
    },
    {
      "id": "8_triangle",
      "title": "Кружевной Бюстгальтер Треугольной Формы Lara",
      "description": "Бюстгальтер Lara с треугольными чашками без уплотнения и косточек. Кружевные чашки с нижним слоем из мягкого тюля по бокам. Боковые косточки и передняя часть пояса из микрофибры помогают поддерживать грудь. Задняя часть пояса с нижним слоем из тюля застегивается на крючки (четыре ряда по три крючка в высоту). Бретели регулируются на спинке. Для лучшей поддержки груди в чашках размеров 90C, 95B и 95C предусмотрена подкладка и специальная вставка, продолжающаяся от бретелей до пояса. Изделие выполнено из мягкого эластичного кружева с геометрическим узором. Отделка каймой придает модели романтичные нотки. Очень мягкий и удобный бюстгальтер для тех, кто ценит естественность и женственность в образе.",
      "category": "bras",
      "price": 3490,
      "colors": [2,5],
      "pic": "img/8_triangle.jpg",
      "materials": "Полиамид",
      "gender": "women"
    },
    {
      "id": "9_pushup",
      "title": "Бюстгальтер Gioia Super Push-up из микрофибры, Чашка C-D",
      "description": "Модель GIOIA — бесшовный бюстгальтер super push up из микрофибры без косточек с мягкой градуированной чашкой и регулируемыми бретельками. Идеально подчеркивает декольте,сохраняя комфорт. Полностью отсутстувуют твёрдые детали.",
      "category": "bras",
      "price": 2990,
      "colors": [2],
      "pic": "img/9_pushup.jpg",
      "materials": "Полиамид",
      "gender": "women"
    },
    {
      "id": "10_balconette",
      "title": "Кружевной Бюстгальтер Балконет Elena",
      "description": "Бюстгальтер балконет Elena на косточках. Чашки, уплотненные в нижней части, обеспечивают мягкую поддержку и естественный вид груди. Внутренняя сторона чашек покрыта хлопковой тканью. В бюстгальтерах с размером чашки 85 и выше  предусмотрена внутренняя чашка, которая полностью покрывает грудь, а также кружевной пояс для лучшей поддержки. Кроме того, более широкий пояс обеспечивает лучшее прилегание к телу. Бретели регулируются на спинке. Изделие выполнено из мягкого эластичного кружева с геометрическим узором. Отделка каймой придает модели романтичные нотки. Идеальное белье под одежду с глубоким вырезом для создания женственного и чувственного образа.",
      "category": "bras",
      "price": 3490,
      "colors": [5,4,3],
      "pic": "img/10_balconette.jpg",
      "materials": "Полиамид",
      "gender": "women"
    },
    {
      "id": "11_brazilian",
      "title": "Бесшовные Бразильяно из Ультратонкой Микрофибры",
      "description": "Удобные трусики бразильяно из мягкой ультратонкой микрофибры с бесшовными краями.",
      "category": "panties",
      "price": 890,
      "colors": [2,1,6],
      "pic": "img/11_brazilian.jpg",
      "materials": "Хлопок",
      "gender": "women"
    },
    {
      "id": "12_strings",
      "title": "Кружевные Стринги с Тесемками по Бокам",
      "description": "Стринги из эластичного кружева с геометрическим узором. Отделка каймой придает модели романтичные нотки. По бокам узкие эластичные тесемки из микрофибры. ",
      "category": "panties",
      "price": 890,
      "colors": [1,2],
      "pic": "img/12_strings.jpg",
      "materials": "Полиамид",
      "gender": "women"
    },
    {
      "id": "13_boyshorts",
      "title": "Кюлоты из Хлопка",
      "description": "Кюлоты в стиле шортиков из мягкого и легкого хлопка. Идеальный вариант повседневного комфортного белья.",
      "category": "panties",
      "price": 1290,
      "colors": [2,1],
      "pic": "img/13_boyshorts.jpg",
      "materials": "Хлопок",
      "gender": "women"
    },
    {
      "id": "14_hight-waisted",
      "title": "Высокие Кружевные Кюлоты",
      "description": "Высокие кюлоты с мягким эластичным поясом. Изделие выполнено из мягкого эластичного кружева с геометрическим узором. Отделка каймой придает модели романтичные нотки. Элегантный и женственный стиль.",
      "category": "panties",
      "price": 1690,
      "colors": [1,2],
      "pic": "img/14_hight-waisted.jpg",
      "materials": "Полиамид",
      "gender": "women"
    },
    {
      "id": "15_strings",
      "title": "Стринги Caitriona",
      "description": "Трусики, максимально открывающие ягодицы. Открытая модель добавляет бельевому образу пикантности.",
      "category": "panties",
      "price": 2990,
      "colors": [6,2,8],
      "pic": "img/15_strings.jpg",
      "materials": "Хлопок",
      "gender": "women"
    },
    {
      "id": "16_boyshorts",
      "title": "Шортики Romana",
      "description": "Максимально прикрывают ягодицы. Слегка округляют формы, делая бедра подтянутыми и сексуальными.",
      "category": "panties",
      "price": 990,
      "colors": [1,7],
      "pic": "img/16_boyshorts.jpg",
      "materials": "Полиамид",
      "gender": "women"
    },
    {
      "id": "17_strings",
      "title": "Кружевные Стринги с Тесемками по Бокам",
      "description": "Стринги из эластичного кружева с геометрическим узором. Отделка каймой придает модели романтичные нотки. По бокам узкие эластичные тесемки из микрофибры. Модель особенно оценят те, кто ищет незаметное и сексуальное белье.",
      "category": "panties",
      "price": 1290,
      "colors": [2,6,7],
      "pic": "img/17_strings.jpg",
      "materials": "Полиамид",
      "gender": "women"
    },
    {
      "id": "18_brazilian",
      "title": "Бесшовные Бразильяно из Ультратонкой Микрофибры",
      "description": "Удобные трусики бразильяно из мягкой ультратонкой микрофибры с бесшовными краями.  Идеальный вариант для тех, кто ищет белье, незаметное под облегающей одеждой.",
      "category": "panties",
      "price": 890,
      "colors": [9,1,7],
      "pic": "img/18_brazilian.jpg",
      "materials": "Полиамид",
      "gender": "women"
    },
    {
      "id": "19_hight-waisted",
      "title": "Высокие Кружевные Кюлоты",
      "description": "Высокие кюлоты с мягким эластичным поясом. Изделие выполнено из мягкого эластичного кружева с геометрическим узором. Отделка каймой придает модели романтичные нотки. Элегантный и женственный стиль.",
      "category": "panties",
      "price": 1690,
      "colors": [2,7,9],
      "pic": "img/19_hight-waisted.jpg",
      "materials": "Полиамид",
      "gender": "women"
    },
    {
      "id": "20_strings",
      "title": "Стринги из Шелка и Кружева",
      "description": "Шелковые стринги с кружевной отделкой на боковых тесемках. ",
      "category": "panties",
      "price": 1990,
      "colors": [2,6],
      "pic": "img/20_strings.jpg",
      "materials": "Хлопок",
      "gender": "women"
    },
    {
      "id": "21_socks",
      "title": "Liliya Sweet",
      "description": "Носочки высокие, с вышивкой медвежонка.",
      "category": "socks",
      "price": 360,
      "colors": [2],
      "pic": "img/20_strings.jpg",
      "materials": "Хлопок",
      "gender": "women"
    },
    {
      "id": "22_socks",
      "title": "Мягкие Домашние Носки",
      "description": "Теплые, мягкие и удобные домашние носки в натуральных оттенках. Классическая длина.",
      "category": "socks",
      "price": 360,
      "colors": [2],
      "pic": "img/22_socks.jpg",
      "materials": "Полиэстер",
      "gender": "women"
    },
    {
      "id": "23_socks",
      "title": "Носки с Шерстью Снаружи и Хлопком Внутри",
      "description": "Носки с Шерстью снаружи и хлопком внутри. Лазерная обработка края. Сформированная пятка",
      "category": "socks",
      "price": 650,
      "colors": [4,5],
      "pic": "img/23_socks.jpg",
      "materials": "Шерсть",
      "gender": "women"
    },
    {
      "id": "24_socks",
      "title": "Кашемировые Носки с Леопардовым Рисунком",
      "description": "Очень теплые женские носки из мягкого кашемира в рубчик. Классическая длина. Леопардовый рисунок.",
      "category": "socks",
      "price": 800,
      "colors": [1,9],
      "pic": "img/24_socks.jpg",
      "materials": "Полиамид",
      "gender": "women"
    },
    {
      "id": "25_socks",
      "title": "Ажурные Шерстяные Гольфы",
      "description": "Теплые женские гольфы с ажурным узором из мягкой шерсти.",
      "category": "socks",
      "price": 1000,
      "colors": [10],
      "pic": "img/25_socks.jpg",
      "materials": "Шерсть",
      "gender": "women"
    },
    {
      "id": "26_socks",
      "title": "Короткие Хлопковые Носки без Резинки",
      "description": "Короткие женские хлопковые носки без резинки.",
      "category": "socks",
      "price": 400,
      "colors": [5],
      "pic": "img/26_socks.jpg",
      "materials": "Хлопок",
      "gender": "women"
    },
    {
      "id": "27_socks",
      "title": "Носки в Горошек",
      "description": "Женские хлопковые носки с элегантным рисунком «горошек». Классическая длина.",
      "category": "socks",
      "price": 500,
      "colors": [5,3,7],
      "pic": "img/27_socks.jpg",
      "materials": "Хлопок",
      "gender": "women"
    },
    {
      "id": "28_socks",
      "title": "Короткие Сетчатые Носки с Леопардовым Рисунком Eco",
      "description": "Короткие женские сетчатые носки с анималистическим рисунком. Плотность 50 ден. Экологичное волокно Q-Nova, из которого изготовлено это изделие, производят из регенерированного сырья с низким воздействием на окружающую среду.",
      "category": "socks",
      "price": 400,
      "colors": [1,2],
      "pic": "img/28_socks.jpg",
      "materials": "Полиамид",
      "gender": "women"
    },
    {
      "id": "29_socks",
      "title": "Ажурные Носки с Блестками",
      "description": "Ажурные женские носки из мягкого хлопка с блестящей нитью. Классическая длина.",
      "category": "socks",
      "price": 800,
      "colors": [2],
      "pic": "img/29_socks.jpg",
      "materials": "Полиамид",
      "gender": "women"
    },
    {
      "id": "30_bathrobes",
      "title": "Халат женский домашний велюр на молнии",
      "description": "Красивый халат женский домашний подарит чувство комфорта и легкости. Наши халаты женские домашние имеют большие размеры и представлены до 58 размера, а это значит, халатик подойдет как женская одежда для беременных и кормящих, в роддом.",
      "category": "bathrobes",
      "price": 1770,
      "colors": [11],
      "pic": "img/30_bathrobes.jpg",
      "materials": "Хлопок",
      "gender": "women"
    },
    {
      "id": "31_bathrobes",
      "title": "Халат женский пеньюар",
      "description": "Домашний женский халат из вискозы подарит чувство комфорта и легкости, идеальная посадка, не сковывает движений, выглядит стильно. Халат - традиционная домашняя одежда для женщин. Легкий трикотаж из вискозы идеально подходит для домашней одежды. ",
      "category": "bathrobes",
      "price": 1040,
      "colors": [1],
      "pic": "img/31_bathrobes.jpg",
      "materials": "Вискоза",
      "gender": "women"
    },
    {
      "id": "32_bathrobes",
      "title": "Халат домашний женский",
      "description": "Трикотажный элегантный домашний халат для беременных из вискозы с кружевом на запах Фэмили бэнд. ",
      "category": "bathrobes",
      "price": 1872,
      "colors": [1],
      "pic": "img/32_bathrobes.jpg",
      "materials": "Эластон",
      "gender": "women"
    },
    {
      "id": "33_bathrobes",
      "title": "Халат женский банный, махровый, теплый, домашний",
      "description": "Халат женский изготовлен из 100% хлопка. Натуральная махровая ткань - лучший материал для банных халатов. Благодаря особому плетению махра отлично впитывает влагу, при этом позволяет коже дышать, не вызывая раздражений. ",
      "category": "bathrobes",
      "price": 1872,
      "colors": [7,2],
      "pic": "img/33_bathrobes.jpg",
      "materials": "Хлопок",
      "gender": "women"
    },
    {
      "id": "34_bathrobes",
      "title": "Халат женский домашний",
      "description": "Изящный длинный женский домашний халат или как многие привыкли называть - пеньюар сексуальный кружевной выполнен из вискозы и нежного эластичного кружева. Это отличная альтернатива домашним халатам и хлопковым пижамам.",
      "category": "bathrobes",
      "price": 1748,
      "colors": [12],
      "pic": "img/34_bathrobes.jpg",
      "materials": "Эластон",
      "gender": "women"
    },
    {
      "id": "35_bathrobes",
      "title": "Халат домашний, кимоно женское",
      "description": "Посмотри на наш халат кимоно и ты влюбишься в него с первого взгляда. Сексуальный пеньюар в восточном стиле заменит скучные женские домашние халаты. Изюминка наших женских халатов - их универсальность.",
      "category": "bathrobes",
      "price": 3490,
      "colors": [2],
      "pic": "img/35_bathrobes.jpg",
      "materials": "Вискоза",
      "gender": "women"
    },
    {
      "id": "36_bathrobes",
      "title": "Халат женский на пуговицах длинный",
      "description": "Данный женский халат выполнен из трикотажного полотна - кулирка (ткань мягкая и приятная на ощупь). В нем вы расслабитесь и настроитесь на правильный домашний лад. Женский халат может стать отличным подарком для родных и близких (сестре, подруге, маме, бабушке) на любой праздник: день рождения, новоселье, 8 марта или новый год. Модель расклешенная (трапеция) подарит чувство комфорта и легкости, идеальная посадка не сковывает движений. ",
      "category": "bathrobes",
      "price": 2200,
      "colors": [5],
      "pic": "img/36_bathrobes.jpg",
      "materials": "Хлопок",
      "gender": "women"
    },
    {
      "id": "37_bathrobes",
      "title": "Халат женский на пуговицах длинный",
      "description": "Халат женский домашний исполняет все желания современных девушек. Изящный и легкий халат женский из атласа - идеальная повседневная домашняя одежда. Мягкая шелковистая ткань и соблазнительное декольте превращают его в любимое платье домашнее женское.",
      "category": "bathrobes",
      "price": 1876,
      "colors": [2],
      "pic": "img/37_bathrobes.jpg",
      "materials": "Полиэстер",
      "gender": "women"
    },
    {
      "id": "38_bathrobes",
      "title": "Халат домашний шелковый ",
      "description": "Изящный халат женский домашний прямого силуэта на запах с поясом из мягкого струящегося шелка - незаменимая вещь в любое время года и в любом гардеробе для женщины, для девушки, для девочки. Полуприлегающий крой кимоно женское эффектно подчеркнет изгибы вашего тела, а V-образный вырез, обрамленный кружевом, выгодно украсит грудь. ",
      "category": "bathrobes",
      "price": 1840,
      "colors": [1],
      "pic": "img/38_bathrobes.jpg",
      "materials": "Шелк",
      "gender": "women"
    },
    {
      "id": "39_bathrobes",
      "title": "Халат женский домашний тёплый",
      "description": "Халат женский для дома выполнен из гипоаллергенной ткани — велсофт. Износостойкое, мягкое, тёплое и лёгкое изделие позволит долго оставаться в тепле и уюте в холодное время года. Модель выполнена на запах, с капюшоном и двумя накладными карманами.",
      "category": "bathrobes",
      "price": 1812,
      "colors": [2],
      "pic": "img/39_bathrobes.jpg",
      "materials": "Полиэстер",
      "gender": "women"
    },
    {
      "id": "40_thermal",
      "title": "Топ Thermolactyl",
      "description": "Топ Thermolactyl обеспечивает нужное тепло. Тонкий эластичный рубчик 1x1 для вашего комфорта и приятного самочувствия.",
      "category": "thermal",
      "price": 1800,
      "colors": [2],
      "pic": "img/40_thermal.jpg",
      "materials": "Полиэстер",
      "gender": "women"
    },
    {
      "id": "41_thermal",
      "title": "Водолазка с воротником-стойкой Thermolactyl",
      "description": "Флисовая поверхность: усовершенствованная модель - еще утонченнее и женственнее. Более толстый, удобный и такой же теплый материал! Те, кому всегда холодно, полюбят эту флисовую водолазку с длинными рукавами.",
      "category": "thermal",
      "price": 4300,
      "colors": [2],
      "pic": "img/41_thermal.jpg",
      "materials": "Полиэстер",
      "gender": "women"
    },
    {
      "id": "42_thermal",
      "title": "Термобелье женское",
      "description": "Хлопковое трикотажное полотно с начесом. Термобелье женское черного цвета состоит из джемпера и леггинс. Джемпер имеет приталенный силуэт и длинный рукав реглан. Полочка обработана декоративным швом.",
      "category": "thermal",
      "price": 1860,
      "colors": [2],
      "pic": "img/42_thermal.jpg",
      "materials": "Полиэстер",
      "gender": "women"
    },
    {
      "id": "43_thermal",
      "title": "Термобелье женское зимнее",
      "description": "Теплое женское зимнее термобелье Термофлекс 2022-2023 подойдет для всех, кому нужен комфорт в холодную погоду при любой физической активности, как для повседневной носки, так и для активных видов деятельности. ",
      "category": "thermal",
      "price": 1860,
      "colors": [6],
      "pic": "img/43_thermal.jpg",
      "materials": "Полиэстер",
      "gender": "women"
    },
    {
      "id": "44_thermal",
      "title": "Термобелье женское Кальсоны женские/Гамаши",
      "description": "Кальсоны женские теплые (термобелье) - отлично подходят для холодного времени года. Леггинсы женские на зиму, теплые и эластичные, идеально облегают ноги, поэтому эту модель можно смело надевать не только под брюки, но и носить с юбкой и платьем. ",
      "category": "thermal",
      "price": 1340,
      "colors": [2],
      "pic": "img/44_thermal.jpg",
      "materials": "Полиамид",
      "gender": "women"
    },
    {
      "id": "45_thermal",
      "title": "Термобелье с Шерстью Active",
      "description": "Термокостюм необходим зимой, холодной весной и осенью каждой женщине и девушке, ведущей активный образ жизни. В комплект входят термо - кофта с манжетами на рукавах и штаны, выполненные из экологичного двухслойного полотна с Шерстью мериноса, лучше обычного трикотажа. ",
      "category": "thermal",
      "price": 3080,
      "colors": [2],
      "pic": "img/45_thermal.jpg",
      "materials": "Вискоза",
      "gender": "women"
    },
    {
      "id": "46_thermal",
      "title": "Термокостюм ThermoCare",
      "description": "Бесшовный женский термокостюм из вискозы с цветочным рисунком ThermoCare Burlesco.",
      "category": "thermal",
      "price": 1260,
      "colors": [9, 10, 1],
      "pic": "img/46_thermal.jpg",
      "materials": "Вискоза",
      "gender": "women"
    },
    {
      "id": "47_thermal",
      "title": "Термокомплект Севим",
      "description": "Термобельё женское - функциональная нательная одежда, которая поддерживает естественную терморегуляцию и отводит влагу от тела. Комплект термобелья состоит из термолонгслива и термолосин. ",
      "category": "thermal",
      "price": 2520,
      "colors": [6],
      "pic": "img/47_thermal.jpg",
      "materials": "Полиэстер",
      "gender": "women"
    },
    {
      "id": "48_thermal",
      "title": "Термобелье женское зимнее шорты",
      "description": "Женские термотрусы серии SOFT. Диапазон комфорта: От -40⁰С до +10⁰С. Изящные и аккуратные, облегающие женские термопанталоны идеальны для защиты от холода чувствительных частей тела при самых сильных морозах. Шерстяные термотрусы можно надевать в качестве теплого нательного термобелья – эластичный и тонкий материал приятно облегает тело и ноги. Длинные термо трусы не образуют складок, не заметны под любой одеждой. Такие легкие обтягивающие панталоны подходят для занятий спортом низкой активности, йогой, фитнесом. ",
      "category": "thermal",
      "price": 3920,
      "colors": [2],
      "pic": "img/48_thermal.jpg",
      "materials": "Полиэстер",
      "gender": "women"
    },
    {
      "id": "49_thermal",
      "title": "Футболка согревающая Relaxsan полушерстяная компрессионная",
      "description": "Женские термотрусы серии SOFT. Диапазон комфорта: От -40⁰С до +10⁰С. Изящные и аккуратные, облегающие женские термопанталоны идеальны для защиты от холода чувствительных частей тела при самых сильных морозах. Шерстяные термотрусы можно надевать в качестве теплого нательного термобелья – эластичный и тонкий материал приятно облегает тело и ноги. Длинные термо трусы не образуют складок, не заметны под любой одеждой. Такие легкие обтягивающие панталоны подходят для занятий спортом низкой активности, йогой, фитнесом. ",
      "category": "thermal",
      "price": 4060,
      "colors": [10],
      "pic": "img/49_thermal.jpg",
      "materials": "Хлопок",
      "gender": "women"
    },
    {
      "id": "50_pijamas",
      "title": "Пижама флисовая",
      "description": "Пижама утепленная из флисового трикотажа. Верх с круглым вырезом, длинные рукава, вышивка спереди. Брюки на эластичном поясе, 2 боковых кармана, присборенный низ",
      "category": "pijamas",
      "price": 3254,
      "colors": [6],
      "pic": "img/50_pijamas.jpg",
      "materials": "Полиэстер",
      "gender": "women"
    },
    {
      "id": "51_pijamas",
      "title": "Пижама велюровая в рубчик",
      "description": "Очень мягкий велюр всегда будет радовать нас и возвращаться в красивых цветах и ​​с удобной посадкой.",
      "category": "pijamas",
      "price": 5550,
      "colors": [7],
      "pic": "img/51_pijamas.jpg",
      "materials": "Полиэстер",
      "gender": "women"
    },
    {
      "id": "52_pijamas",
      "title": "Пижама хлопковая с длинными рукавами",
      "description": "Верх с принтом спреди: круглый вырез. Приспущенные плечевые швы. Длинные рукава. Кулиска для завязывания на поясе. Брюки с принтом: пояс на резинке. Два косых кармана. Низ брючин на резинке.",
      "category": "pijamas",
      "price": 4321,
      "colors": [1],
      "pic": "img/52_pijamas.jpg",
      "materials": "Хлопок",
      "gender": "women"
    },
    {
      "id": "53_pijamas",
      "title": "Пижама с шортами",
      "description": "Пижама с шортами из трикотажа джерси.",
      "category": "pijamas",
      "price": 1331,
      "colors": [5],
      "pic": "img/53_pijamas.jpg",
      "materials": "Хлопок",
      "gender": "women"
    },
    {
      "id": "54_pijamas",
      "title": "Пижамная рубашка из шелка",
      "description": "Пижамная рубашка из шелка. Застежка на пуговицы по длине",
      "category": "pijamas",
      "price": 6499,
      "colors": [5],
      "pic": "img/54_pijamas.jpg",
      "materials": "Хлопок",
      "gender": "women"
    },
    {
      "id": "55_pijamas",
      "title": "Пижама из флисового трикотажа с узором зебра",
      "description": "Пижама из рифленого флисового трикотажа с узором зебра",
      "category": "pijamas",
      "price": 3021,
      "colors": [1],
      "pic": "img/55_pijamas.jpg",
      "materials": "Полиэстер",
      "gender": "women"
    },
    {
      "id": "56_pijamas",
      "title": "Пижама с шортами из трикотажа в мелкий рубчик",
      "description": "Футболка с тунисским вырезом на кнопках, длинные рукава, отделка оборками. Шорты на эластичном поясе с завязками, 2накладных кармана, отделка оборками. Трикотаж в мелкий рубчик",
      "category": "pijamas",
      "price": 2241,
      "colors": [10],
      "pic": "img/56_pijamas.jpg",
      "materials": "Хлопок",
      "gender": "women"
    },
    {
      "id": "57_pijamas",
      "title": "Топ с декольте из тюля",
      "description": "V-образное декольте с кружевной вставкой с воланом",
      "category": "pijamas",
      "price": 2849,
      "colors": [3],
      "pic": "img/57_pijamas.jpg",
      "materials": "Полиэстер",
      "gender": "women"
    },
    {
      "id": "58_pijamas",
      "title": "Пижама с длинными рукавами",
      "description": "Жакет с воротником-стойка на пуговицах спереди, перламутровые пуговицы. Длинные рукава. Нагрудный карман. Отделка кружевом кармана и низа рукавов. Брюки с эластичным поясом",
      "category": "pijamas",
      "price": 1364,
      "colors": [7],
      "pic": "img/58_pijamas.jpg",
      "materials": "Полиэстер",
      "gender": "women"
    },
    {
      "id": "59_pijamas",
      "title": "Пижама в полоску из биохлопка",
      "description": "Выберите эту невероятно комфортную пижаму из трикотажа 100% хлопок. Симпатичный верх в полоску в стиле тельняшки.",
      "category": "pijamas",
      "price": 2279,
      "colors": [5],
      "pic": "img/59_pijamas.jpg",
      "materials": "Хлопок",
      "gender": "women"
    },
    {
      "id": "60_underwear",
      "title": "Трусы боксеры",
      "description": "Однотонные трусы-боксеры выполнены на 95% из хлопка и на 5% из лайкры. Этот небольшой процент эластичного материала делает их удобными и практичными в носке. При этом за ними просто ухаживать, после стирки они не растягиваются, не садятся и не меняют цвет. Модель имеет широкий мягкий пояс, который обеспечивает надежную фиксацию изделия даже во время активных движений. За счет прямого силуэта боксеры хорошо садятся на любой тип фигуры.",
      "category": "underwear",
      "price": 1499,
      "colors": [1],
      "pic": "img/60_underwear.jpg",
      "materials": "Хлопок",
      "gender": "men"
    },
    {
      "id": "61_underwear",
      "title": "Трусы боксеры с узорами",
      "description": "Невероятно комфортные боксеры из коллекции Extra Comfort с орнаментом. Получается невероятно приятный на ощупь, мягкий материал с отличными терморегуляционными свойствами. Боксеры созданы по уникальной бесшовной технологии, что дарит особый комфорт в ношении.",
      "category": "underwear",
      "price": 809,
      "colors": [5],
      "pic": "img/61_underwear.jpg",
      "materials": "Хлопок",
      "gender": "men"
    },
    {
      "id": "62_underwear",
      "title": "Трусы боксеры удлиненные, с микро орнаментом",
      "description": "Удлиненные трусы-боксеры с микроорнаментом. Благодаря искусственным волокнам (всего 5%) белье облегает тело, хорошо тянется и сохраняет форму даже после частых стирок.",
      "category": "underwear",
      "price": 1299,
      "colors": [5],
      "pic": "img/62_underwear.jpg",
      "materials": "Хлопок",
      "gender": "men"
    },
    {
      "id": "63_underwear",
      "title": "Боксеры с Подтяжками из Эластичного Хлопка",
      "description": "Модель в стиле смокинга: со съемными подтяжками и бабочкой. Впереди по центру вставка из блестящего атласа с небольшими пуговицами. Пояс с мягкой резинкой внутри. Изделие мягко облегает фигуру.",
      "category": "underwear",
      "price": 2400,
      "colors": [1],
      "pic": "img/63_underwear.jpg",
      "materials": "Хлопок",
      "gender": "men"
    },
    {
      "id": "64_underwear",
      "title": "Трусы из Эластичного Хлопка",
      "description": "Трусы из мягкого эластичного хлопка в горошек. Пояс с мягкой резинкой внутри. Изделие мягко облегает фигуру.",
      "category": "underwear",
      "price": 1400,
      "colors": [1],
      "pic": "img/64_underwear.jpg",
      "materials": "Хлопок",
      "gender": "men"
    },
    {
      "id": "65_underwear",
      "title": "Трусы из Эластичного Хлопка",
      "description": "Трусы из мягкого эластичного хлопка с принтом. Пояс с мягкой резинкой внутри. Изделие мягко облегает фигуру.",
      "category": "underwear",
      "price": 1499,
      "colors": [5],
      "pic": "img/65_underwear.jpg",
      "materials": "Хлопок",
      "gender": "men"
    },
    {
      "id": "66_underwear",
      "title": "Трусы из Хлопка Натуральная Свежесть",
      "description": "Трусы из ультратонкого хлопка серии Натуральная Свежесть — идеальное белье для тех, кто ценит легкость и комфорт. Благодаря особой легкости, мягкости и воздухопроницаемости этой натуральной ткани изделие практически незаметно на теле, обеспечивая при этом отличную посадку и поддержку.",
      "category": "underwear",
      "price": 1499,
      "colors": [10],
      "pic": "img/66_underwear.jpg",
      "materials": "Хлопок",
      "gender": "men"
    },
    {
      "id": "67_underwear",
      "title": "Двухцветные Трусы из Эластичного Хлопка",
      "description": "Трусы из эластичного хлопка Supima® контрастной расцветки. Разноцветная мягкая наружная резинка с логотипом.",
      "category": "underwear",
      "price": 1499,
      "colors": [7],
      "pic": "img/67_underwear.jpg",
      "materials": "Хлопок",
      "gender": "men"
    },
    {
      "id": "69_underwear",
      "title": "Боксеры из эластичного хлопка с закрытой резинкой",
      "description": "Боксеры из эластичного хлопка с закрытой резинкой. Удобная облегающая модель с мягкими отверстиями для ног, выделяющимися швами и двойным клапаном спереди.",
      "category": "underwear",
      "price": 990,
      "colors": [2],
      "pic": "img/69_underwear.jpg",
      "materials": "Хлопок",
      "gender": "men"
    },
    {
      "id": "70_panties",
      "title": "носки мужские",
      "description": "Хлопковые высокие мужские носки с минималистичным рисунком ромбики на голени. Удобные, с широкой резинкой и кеттельным (плоским) швом на мыске. Благодаря сочетанию сдержанной палитры оттенков и минималистичного рисунка, эти носки идеально дополнят практически любой образ от простого повседневного до делового casual.",
      "category": "panties",
      "price": 131,
      "colors": [1],
      "pic": "img/70_panties.jpg",
      "materials": "Хлопок",
      "gender": "men"
    },
    {
      "id": "71_panties",
      "title": "носки мужские",
      "description": "Хлопковые носки унисекс средней высоты выше щиколотки с комфортной широкой резинкой в рубчик и яркими сленговыми надписями на фронтальной и задней части. Удобная резинка обеспечивает идеальное облегание, а кеттельный (плоский) шов на мыске создает дополнительный комфорт.",
      "category": "panties",
      "price": 184,
      "colors": [2],
      "pic": "img/71_panties.jpg",
      "materials": "Хлопок",
      "gender": "men"
    },
    {
      "id": "72_panties",
      "title": "носки мужские",
      "description": "Хлопковые носки унисекс средней высоты выше щиколотки с модным рисунком в виде знаковых городов мира. Удобная резинка обеспечивает идеальное облегание, а кеттельный (плоский) шов на мыске создает дополнительный комфорт. Урбанистический принт создает яркий акцент и привлекает внимание, а разнообразная палитра оттенков позволяет создавать контрастные сочетания и бесконечно экспериментировать со стилем.",
      "category": "panties",
      "price": 162,
      "colors": [1],
      "pic": "img/72_panties.jpg",
      "materials": "Хлопок",
      "gender": "men"
    },
    {
      "id": "73_panties",
      "title": "носки мужские",
      "description": "Хлопковые носки унисекс средней высоты выше щиколотки с модным рисунком в виде знаковых городов мира. Удобная резинка обеспечивает идеальное облегание, а кеттельный (плоский) шов на мыске создает дополнительный комфорт. Урбанистический принт создает яркий акцент и привлекает внимание, а разнообразная палитра оттенков позволяет создавать контрастные сочетания и бесконечно экспериментировать со стилем.",
      "category": "panties",
      "price": 162,
      "colors": "зеленые",
      "pic": "img/73_panties.jpg",
      "materials": "Хлопок",
      "gender": "men"
    },
    {
      "id": "74_panties",
      "title": "носки мужские",
      "description": "Унисекс (для мужчин и женщин) носки укороченные (выше щиколотки). Ярких расцветок, с рисунком звездочки. Всесезонные. Изготовленные из хлопка (75%), с добавлением полиамида (20%) для лучшей износоустойчивости и эластана (5%) для лучшей сохранности формы. Носки из традиционного материала хлопок, обладают хорошей гигиеничностью и достаточной практичностью. Линия FREESTYLE разработана для тех, кто ценит свободный стиль, яркие решения и комфорт. Носки с классической длиной паголенка (1/3 голени). Двух бортная резинка (RIB), шириной - 4.0 см. Кеттельный (плоский) шов на мыске.",
      "category": "panties",
      "price": 283,
      "colors": [1],
      "pic": "img/74_panties.jpg",
      "materials": "Хлопок",
      "gender": "men"
    },
    {
      "id": "75_panties",
      "title": "Носки TOKYO",
      "description": "Носки TOKYO - вдохновленные современной минималистичностью и прямотой Токийских небоскребов, прямиком к вам в коллекцию!",
      "category": "panties",
      "price": 303,
      "colors": [5],
      "pic": "img/75_panties.jpg",
      "materials": "Хлопок",
      "gender": "men"
    },
    {
      "id": "76_panties",
      "title": "Мужские носки",
      "description": "Яркие носки Art of Color станут Вашим любимым аксессуаром. Натуральный хлопок, из которого изготовлены носки, а также его уютный цвет, дадут уверенность, что выбор был сделан верно. Стильные синие квадраты, асимметрично разбросанные по носку, добавляют изыска в Ваш образ.",
      "category": "panties",
      "price": 294,
      "colors": "красные",
      "pic": "img/76_panties.jpg",
      "materials": "Хлопок",
      "gender": "men"
    },
    {
      "id": "77_panties",
      "title": "Носки GREEN LAND",
      "description": "Классическая полоска в новой вариации. Подходят под любой образ, но особенно ярко будут смотреться в сдержанном варианте одежды. Носки не выцветают и не растягиваются после стирки.",
      "category": "panties",
      "price": 324,
      "colors": "зеленые",
      "pic": "img/77_panties.jpg",
      "materials": "Хлопок",
      "gender": "men"
    },
    {
      "id": "78_panties",
      "title": "Стильные мужские носки",
      "description": "Стильные носки станут достойным экземпляром в Вашей коллекции. Актуальный рисунок подойдет к спортивному или Casual образу. Более того, носки не теряют своих свойств и цвет после стирки.",
      "category": "panties",
      "price": 324,
      "colors": "желтые",
      "pic": "img/78_panties.jpg",
      "materials": "Хлопок",
      "gender": "men"
    },
    {
      "id": "79_panties",
      "title": "Синее на чёрном мужские носки",
      "description": "Стильные носки благородного синего оттенка в диагональную полоску. Носки составят отличную компанию джинсам и паре кед.",
      "category": "panties",
      "price": 296,
      "colors": [5],
      "pic": "img/79_panties.jpg",
      "materials": "Хлопок",
      "gender": "men"
    },
    {
      "id": "80_bathrobes",
      "title": "Халат для дня и ночи",
      "description": "Мягкий трикотажный халат предлагает удобную одежду, идеально подходящую для уютного субботнего утра.",
      "category": "bathrobes",
      "price": 30020,
      "colors": [5],
      "pic": "img/80_bathrobes.jpg",
      "materials": "Хлопок",
      "gender": "men"
    },
    {
      "id": "81_bathrobes",
      "title": "Мужской халат Игрок в поло",
      "description": "Хрустящий халат украшенный культовым принтом для игроков в поло, обеспечивает исключительный комфорт для ночного и выходного дня.",
      "category": "bathrobes",
      "price": 8720,
      "colors": [13],
      "pic": "img/81_bathrobes.jpg",
      "materials": "Хлопок",
      "gender": "men"
    },
    {
      "id": "82_bathrobes",
      "title": "Мужской халат",
      "description": "Мягкий уютный флис Легкая изолирующая ткань",
      "category": "bathrobes",
      "price": 12300,
      "colors": [1],
      "pic": "img/82_bathrobes.jpg",
      "materials": "Полиэстер",
      "gender": "men"
    },
    {
      "id": "83_bathrobes",
      "title": "Уютный мужской халат",
      "description": "Флис: мягкий, уютный и изолирующий",
      "category": "bathrobes",
      "price": 5660,
      "colors": [4],
      "pic": "img/83_bathrobes.jpg",
      "materials": "Полиэстер",
      "gender": "men"
    },
    {
      "id": "84_bathrobes",
      "title": "Мужской клетчатый плюшевый фланелевый халат",
      "description": "Придайте своему лаунж-стилю классический и удобный вид с классическим клетчатым и плюшевым фланелевым халатом этого клубного номера.",
      "category": "bathrobes",
      "price": 7220,
      "colors": [3],
      "pic": "img/84_bathrobes.jpg",
      "materials": "Полиэстер",
      "gender": "men"
    },
    {
      "id": "85_bathrobes",
      "title": "Пушистый халат",
      "description": "Начните свой день в удобной и стильной мягкой одежде.",
      "category": "bathrobes",
      "price": 18330,
      "colors": [4],
      "pic": "img/85_bathrobes.jpg",
      "materials": "Полиэстер",
      "gender": "men"
    },
    {
      "id": "86_bathrobes",
      "title": "Мужской хлопковый халат-кионо для сна",
      "description": "Пышный внутри и снаружи халат в стиле кимоно выполнен из мягкого махрового велюра, отделанного передними карманами.",
      "category": "bathrobes",
      "price": 11770,
      "colors": [1],
      "pic": "img/86_bathrobes.jpg",
      "materials": "Хлопок",
      "gender": "men"
    },
    {
      "id": "87_bathrobes",
      "title": "Мужской современный эластичных халат",
      "description": "Мягкий френч терри из смесового хлопка создает уютную атмосферу в этом халатес шалевым воротником и капюшоном, придающими обновленный классический вид.",
      "category": "bathrobes",
      "price": 11090,
      "colors": [5],
      "pic": "img/87_bathrobes.jpg",
      "materials": "Хлопок",
      "gender": "men"
    },
    {
      "id": "88_bathrobes",
      "title": "Мужской флисовый халат с леопардовым рисунком",
      "description": "Супермягкий искусственный мех. Уютный и теплый.",
      "category": "bathrobes",
      "price": 3267,
      "colors": [7],
      "pic": "img/88_bathrobes.jpg",
      "materials": "Хлопок",
      "gender": "men"
    },
    {
      "id": "90_thermal",
      "title": "мужские термокальсоны",
      "description": "Это — тонкий однослойный материал, который обеспечивает идеальную сухость и быстрое испарение пота, а также улучшает вентиляцию тела.",
      "category": "thermal",
      "price": 5950,
      "colors": [4],
      "pic": "img/90_thermal.jpg",
      "materials": "Шерсть",
      "gender": "men"
    },
    {
      "id": "91_thermal",
      "title": "мужская термофутболка",
      "description": "Изделия из этого трикотажа годятся в качестве первого слоя одежды, который прилегает прямо к телу, или в качестве одного слоя в летний сезон. Приятный на ощупь материал отличается высокой воздухопроницаемостью и легкостью. ",
      "category": "thermal",
      "price": 5380,
      "colors": [4],
      "pic": "img/91_thermal.jpg",
      "materials": "Шерсть",
      "gender": "men"
    },
    {
      "id": "92_thermal",
      "title": "мужские кальсоны",
      "description": "Хлопковые мужские кальсоны.",
      "category": "thermal",
      "price": 380,
      "colors": [1],
      "pic": "img/92_thermal.jpg",
      "materials": "Шерсть",
      "gender": "men"
    },
    {
      "id": "93_thermal",
      "title": "мужская термофуфайка Аполлон",
      "description": "Мужская футболка – функциональное белье, главное свойство которого быстро отводить пот с поверхности тела, оставляя кожу сухой.",
      "category": "thermal",
      "price": 5330,
      "colors": [4],
      "pic": "img/93_thermal.jpg",
      "materials": "Шерсть",
      "gender": "men"
    },
    {
      "id": "94_thermal",
      "title": "мужская мфгкая термофуфайка",
      "description": "Подойдет тем, кто проводит много времени на свежем воздухе при низких температурах. Идеальный выбор для повседневного использования. Отлично отводит влагу. Шерсть мериносов в изделии соответствует набору стандартов.",
      "category": "thermal",
      "price": 4900,
      "colors": [7],
      "pic": "img/94_thermal.jpg",
      "materials": "Шерсть",
      "gender": "men"
    },
    {
      "id": "95_thermal",
      "title": "мужская термофуфайка охотник",
      "description": "Полная защита от холода и перегрева при движении и неподвижном пребывании на морозе. Модель для тех, кто нуждается в особом утеплении.",
      "category": "thermal",
      "price": 4800,
      "colors": [2],
      "pic": "img/95_thermal.jpg",
      "materials": "Шерсть",
      "gender": "men"
    },    {
      "id": "89_bathrobes",
      "title": "Мужской халат в стиле Санта-Клауса",
      "description": "Мягкий, классный. Удивит ваших родных и близких",
      "category": "bathrobes",
      "price": 2090,
      "colors": [3],
      "pic": "img/89_bathrobes.jpg",
      "materials": "Хлопок",
      "gender": "men"
    }

  ]
}



